train_rl2,test_rl2
0.9222881913185119,0.9010716319084168
0.8893927335739136,0.9010716319084168
