{"bsz": 16, "tra_time": 0.02310199875710532, "infer_time": 0.007951438930661728, "tra_mem": 23486.0, "infer_mem": 5504.0, "model_FLOPs": "3.72035G", "model_nparam": "329.153K"}