{"bsz": 16, "tra_time": 0.01061440869420767, "infer_time": 0.0036522240882428986, "tra_mem": 8188.0, "infer_mem": 2580.0, "model_FLOPs": "12.4822G", "model_nparam": "427.969K"}