{"bsz": 16, "tra_time": 0.0029527508531076215, "infer_time": 0.000991633062561353, "tra_mem": 1550.0, "infer_mem": 1262.0, "model_FLOPs": "478.544M", "model_nparam": "526.785K"}