{"bsz": 16, "tra_time": 0.0030757657035719605, "infer_time": 0.0008709953066621286, "tra_mem": 1712.0, "infer_mem": 1314.0, "model_FLOPs": "2.17842G", "model_nparam": "526.785K"}