{"bsz": 16, "tra_time": 0.002368994237583441, "infer_time": 0.0005935670830270586, "tra_mem": 1600.0, "infer_mem": 1276.0, "model_FLOPs": "240.124M", "model_nparam": "329.153K"}