{"bsz": 16, "tra_time": 0.0033795778638450427, "infer_time": 0.0010518465156201275, "tra_mem": 2248.0, "infer_mem": 1382.0, "model_FLOPs": "2.21617G", "model_nparam": "526.785K"}