{"bsz": 16, "tra_time": 0.006578276868599156, "infer_time": 0.002269591784570366, "tra_mem": 3952.0, "infer_mem": 1910.0, "model_FLOPs": "12.8723G", "model_nparam": "477.377K"}