{"bsz": 16, "tra_time": 0.024184129410248712, "infer_time": 0.008348793705323867, "tra_mem": 24052.0, "infer_mem": 5584.0, "model_FLOPs": "8.17889G", "model_nparam": "329.153K"}