{"bsz": 16, "tra_time": 0.003285533882968593, "infer_time": 0.0010354408712980026, "tra_mem": 3016.0, "infer_mem": 1610.0, "model_FLOPs": "994.05M", "model_nparam": "427.969K"}