{"bsz": 16, "tra_time": 0.002789438418733577, "infer_time": 0.0008588761448239286, "tra_mem": 1550.0, "infer_mem": 1262.0, "model_FLOPs": "453.247M", "model_nparam": "477.377K"}