{"bsz": 16, "tra_time": 0.0030369572080477763, "infer_time": 0.0009285770018080561, "tra_mem": 2246.0, "infer_mem": 1382.0, "model_FLOPs": "2.11498G", "model_nparam": "477.377K"}