{"bsz": 16, "tra_time": 0.002576646301643147, "infer_time": 0.0006745761662993269, "tra_mem": 1548.0, "infer_mem": 1262.0, "model_FLOPs": "402.653M", "model_nparam": "427.969K"}