{"bsz": 16, "tra_time": 0.0025160011113621295, "infer_time": 0.0006321473427427312, "tra_mem": 1510.0, "infer_mem": 1278.0, "model_FLOPs": "642.253M", "model_nparam": "378.561K"}