{"bsz": 16, "tra_time": 0.0028564671166241167, "infer_time": 0.000926029207961013, "tra_mem": 3016.0, "infer_mem": 1606.0, "model_FLOPs": "386.925M", "model_nparam": "329.153K"}