{"bsz": 16, "tra_time": 0.025085749907263866, "infer_time": 0.008612521465402095, "tra_mem": 23766.0, "infer_mem": 5766.0, "model_FLOPs": "7.30123G", "model_nparam": "526.785K"}