{"bsz": 16, "tra_time": 0.002427846723857025, "infer_time": 0.000648889319660763, "tra_mem": 1710.0, "infer_mem": 1314.0, "model_FLOPs": "1.4701G", "model_nparam": "378.561K"}