{"bsz": 16, "tra_time": 0.003208376918919384, "infer_time": 0.0008385138671534757, "tra_mem": 1712.0, "infer_mem": 1314.0, "model_FLOPs": "2.17842G", "model_nparam": "526.785K"}