{"bsz": 16, "tra_time": 0.0034711656991081932, "infer_time": 0.0012616895519507428, "tra_mem": 2712.0, "infer_mem": 1432.0, "model_FLOPs": "7.09676G", "model_nparam": "329.153K"}