{"bsz": 16, "tra_time": 0.0024986843936300527, "infer_time": 0.0007521080339211039, "tra_mem": 2246.0, "infer_mem": 1382.0, "model_FLOPs": "1.50785G", "model_nparam": "378.561K"}