{"bsz": 16, "tra_time": 0.004744675220766415, "infer_time": 0.0014974937580215432, "tra_mem": 3190.0, "infer_mem": 1630.0, "model_FLOPs": "2.32522G", "model_nparam": "526.785K"}