{"bsz": 16, "tra_time": 0.002861300272401422, "infer_time": 0.0009157302952371538, "tra_mem": 2366.0, "infer_mem": 1450.0, "model_FLOPs": "3.71196G", "model_nparam": "378.561K"}