{"bsz": 16, "tra_time": 0.0022090137331785323, "infer_time": 0.0006961844335698211, "tra_mem": 1734.0, "infer_mem": 1144.0, "model_FLOPs": "1.51834G", "model_nparam": "329.153K"}