{"bsz": 16, "tra_time": 0.008674392481916584, "infer_time": 0.002904965277606, "tra_mem": 7390.0, "infer_mem": 2502.0, "model_FLOPs": "2.64346G", "model_nparam": "477.377K"}