{"bsz": 16, "tra_time": 0.00254472657913963, "infer_time": 0.0007357883746347701, "tra_mem": 1470.0, "infer_mem": 1262.0, "model_FLOPs": "399.114M", "model_nparam": "427.969K"}