{"bsz": 16, "tra_time": 0.0027491648518480362, "infer_time": 0.0009048487789308032, "tra_mem": 2246.0, "infer_mem": 1382.0, "model_FLOPs": "1.9126G", "model_nparam": "427.969K"}