{"bsz": 16, "tra_time": 0.002806957084025877, "infer_time": 0.0007346064496474963, "tra_mem": 2022.0, "infer_mem": 1382.0, "model_FLOPs": "986.186M", "model_nparam": "477.377K"}