{"bsz": 16, "tra_time": 0.002236906678881496, "infer_time": 0.0005867264419794082, "tra_mem": 1206.0, "infer_mem": 1030.0, "model_FLOPs": "103.809M", "model_nparam": "329.153K"}