{"bsz": 16, "tra_time": 0.002119187336822506, "infer_time": 0.0005360964478071158, "tra_mem": 1082.0, "infer_mem": 1010.0, "model_FLOPs": "28.3116M", "model_nparam": "329.153K"}