{"bsz": 16, "tra_time": 0.0027959755143771568, "infer_time": 0.0008186835112671056, "tra_mem": 2022.0, "infer_mem": 1382.0, "model_FLOPs": "884.998M", "model_nparam": "427.969K"}