{"bsz": 16, "tra_time": 0.0027491520896243556, "infer_time": 0.0009117457301666339, "tra_mem": 2770.0, "infer_mem": 1348.0, "model_FLOPs": "250.61M", "model_nparam": "329.153K"}