{"bsz": 16, "tra_time": 0.0023977018693112765, "infer_time": 0.0005902823234403817, "tra_mem": 1470.0, "infer_mem": 1260.0, "model_FLOPs": "297.927M", "model_nparam": "378.561K"}