{"bsz": 16, "tra_time": 0.0026181397090355558, "infer_time": 0.000831366942729801, "tra_mem": 2060.0, "infer_mem": 1414.0, "model_FLOPs": "3.6826G", "model_nparam": "378.561K"}