{"bsz": 16, "tra_time": 0.0023659238395824407, "infer_time": 0.0005697351881341698, "tra_mem": 1710.0, "infer_mem": 1312.0, "model_FLOPs": "660.603M", "model_nparam": "329.153K"}