{"bsz": 16, "tra_time": 0.002812168602366, "infer_time": 0.000723670282556365, "tra_mem": 1712.0, "infer_mem": 1316.0, "model_FLOPs": "2.07723G", "model_nparam": "477.377K"}