{"bsz": 16, "tra_time": 0.002679504737975852, "infer_time": 0.0007573540683370083, "tra_mem": 1470.0, "infer_mem": 1262.0, "model_FLOPs": "449.708M", "model_nparam": "477.377K"}