{"bsz": 16, "tra_time": 0.0033985323088709268, "infer_time": 0.001105986108498958, "tra_mem": 3176.0, "infer_mem": 1626.0, "model_FLOPs": "807.404M", "model_nparam": "329.153K"}