{"bsz": 16, "tra_time": 0.0020314631312697506, "infer_time": 0.000507879069482442, "tra_mem": 1608.0, "infer_mem": 1116.0, "model_FLOPs": "68.6817M", "model_nparam": "329.153K"}