{"bsz": 16, "tra_time": 0.002150358368487408, "infer_time": 0.0006607440952211618, "tra_mem": 1630.0, "infer_mem": 1134.0, "model_FLOPs": "141.558M", "model_nparam": "329.153K"}