{"bsz": 16, "tra_time": 0.009960628631679963, "infer_time": 0.003365266521189672, "tra_mem": 7646.0, "infer_mem": 2502.0, "model_FLOPs": "5.65707G", "model_nparam": "526.785K"}