{"bsz": 16, "tra_time": 0.002169690654593675, "infer_time": 0.0005555815886085232, "tra_mem": 1984.0, "infer_mem": 1364.0, "model_FLOPs": "136.839M", "model_nparam": "329.153K"}