{"bsz": 16, "tra_time": 0.002582281457124433, "infer_time": 0.0007422540029316829, "tra_mem": 1478.0, "infer_mem": 1260.0, "model_FLOPs": "400.032M", "model_nparam": "427.969K"}