{"bsz": 16, "tra_time": 0.0023670493974350393, "infer_time": 0.0005625465465709566, "tra_mem": 1984.0, "infer_mem": 1364.0, "model_FLOPs": "339.214M", "model_nparam": "378.561K"}