{"bsz": 16, "tra_time": 0.002356317836383823, "infer_time": 0.0005970595242494407, "tra_mem": 1548.0, "infer_mem": 1260.0, "model_FLOPs": "301.466M", "model_nparam": "378.561K"}