{"bsz": 16, "tra_time": 0.002309691534843296, "infer_time": 0.000623007685256501, "tra_mem": 1610.0, "infer_mem": 1298.0, "model_FLOPs": "107.479M", "model_nparam": "329.153K"}