{"bsz": 16, "tra_time": 0.0021692391530959867, "infer_time": 0.0005796871661247375, "tra_mem": 1458.0, "infer_mem": 1062.0, "model_FLOPs": "396.362M", "model_nparam": "329.153K"}