{"bsz": 16, "tra_time": 0.0023268744841528437, "infer_time": 0.0006233409613681337, "tra_mem": 2244.0, "infer_mem": 1380.0, "model_FLOPs": "698.352M", "model_nparam": "329.153K"}