{"bsz": 16, "tra_time": 0.005361908872922262, "infer_time": 0.0018018080255327125, "tra_mem": 3438.0, "infer_mem": 1866.0, "model_FLOPs": "5.23764G", "model_nparam": "526.785K"}