{"bsz": 16, "tra_time": 0.0024405403981800195, "infer_time": 0.0006308187802399819, "tra_mem": 1648.0, "infer_mem": 1292.0, "model_FLOPs": "653.263M", "model_nparam": "378.561K"}