{"bsz": 16, "tra_time": 0.0027437814155903957, "infer_time": 0.0006297763072264691, "tra_mem": 1986.0, "infer_mem": 1364.0, "model_FLOPs": "490.996M", "model_nparam": "477.377K"}