{"bsz": 16, "tra_time": 0.004863343351850441, "infer_time": 0.001710871914983727, "tra_mem": 3798.0, "infer_mem": 1740.0, "model_FLOPs": "7.20581G", "model_nparam": "329.153K"}