{"bsz": 16, "tra_time": 0.0060118416560192905, "infer_time": 0.002085662301785002, "tra_mem": 3950.0, "infer_mem": 1898.0, "model_FLOPs": "12.0628G", "model_nparam": "427.969K"}