{"bsz": 16, "tra_time": 0.0025957427947044683, "infer_time": 0.0006294457430097585, "tra_mem": 1986.0, "infer_mem": 1366.0, "model_FLOPs": "490.996M", "model_nparam": "477.377K"}