{"bsz": 16, "tra_time": 0.024648672836211822, "infer_time": 0.00847022670864438, "tra_mem": 23766.0, "infer_mem": 5768.0, "model_FLOPs": "7.09886G", "model_nparam": "477.377K"}