{"bsz": 16, "tra_time": 0.023160423396058227, "infer_time": 0.007970769123154848, "tra_mem": 23486.0, "infer_mem": 5504.0, "model_FLOPs": "3.72035G", "model_nparam": "329.153K"}