{"bsz": 16, "tra_time": 0.0023659998358537757, "infer_time": 0.0007530375484687586, "tra_mem": 2004.0, "infer_mem": 1152.0, "model_FLOPs": "1.5477G", "model_nparam": "329.153K"}