{"bsz": 16, "tra_time": 0.0032767430817087495, "infer_time": 0.001041449385229498, "tra_mem": 3016.0, "infer_mem": 1612.0, "model_FLOPs": "994.05M", "model_nparam": "427.969K"}