{"bsz": 16, "tra_time": 0.0027047723322175445, "infer_time": 0.0008642522261167566, "tra_mem": 1602.0, "infer_mem": 1278.0, "model_FLOPs": "847.249M", "model_nparam": "427.969K"}