{"bsz": 16, "tra_time": 0.00539273957395926, "infer_time": 0.0018685755446980088, "tra_mem": 3950.0, "infer_mem": 1896.0, "model_FLOPs": "10.4438G", "model_nparam": "378.561K"}