{"bsz": 16, "tra_time": 0.0021266035279259086, "infer_time": 0.0006137303472496569, "tra_mem": 1072.0, "infer_mem": 1012.0, "model_FLOPs": "27.394M", "model_nparam": "329.153K"}