{"bsz": 16, "tra_time": 0.0022285625274914007, "infer_time": 0.0004996797015580038, "tra_mem": 1152.0, "infer_mem": 1030.0, "model_FLOPs": "101.188M", "model_nparam": "329.153K"}