{"bsz": 16, "tra_time": 0.0023382317072634276, "infer_time": 0.0005921337436302566, "tra_mem": 2020.0, "infer_mem": 1380.0, "model_FLOPs": "277.873M", "model_nparam": "329.153K"}