{"bsz": 16, "tra_time": 0.002842103604382525, "infer_time": 0.0008074673203130562, "tra_mem": 2022.0, "infer_mem": 1382.0, "model_FLOPs": "986.186M", "model_nparam": "477.377K"}