{"bsz": 16, "tra_time": 0.0038482318419652685, "infer_time": 0.0011506135140856109, "tra_mem": 3020.0, "infer_mem": 1612.0, "model_FLOPs": "1.14583G", "model_nparam": "526.785K"}