{"bsz": 16, "tra_time": 0.0035405108928680423, "infer_time": 0.001186852386066069, "tra_mem": 2364.0, "infer_mem": 1420.0, "model_FLOPs": "4.92621G", "model_nparam": "477.377K"}