{"bsz": 16, "tra_time": 0.004613163978016625, "infer_time": 0.00164087464256833, "tra_mem": 2860.0, "infer_mem": 1592.0, "model_FLOPs": "11.9538G", "model_nparam": "427.969K"}