{"bsz": 16, "tra_time": 0.0028129443063711125, "infer_time": 0.0007719073987876375, "tra_mem": 1512.0, "infer_mem": 1280.0, "model_FLOPs": "945.816M", "model_nparam": "477.377K"}