{"bsz": 16, "tra_time": 0.0024720711042173207, "infer_time": 0.0007549214914130668, "tra_mem": 1612.0, "infer_mem": 1298.0, "model_FLOPs": "309.854M", "model_nparam": "378.561K"}