{"bsz": 16, "tra_time": 0.025847894279228057, "infer_time": 0.008846877044027982, "tra_mem": 24236.0, "infer_mem": 5866.0, "model_FLOPs": "14.1264G", "model_nparam": "427.969K"}