{"bsz": 16, "tra_time": 0.002620073038269765, "infer_time": 0.0007117216681945138, "tra_mem": 1602.0, "infer_mem": 1278.0, "model_FLOPs": "847.249M", "model_nparam": "427.969K"}