{"bsz": 16, "tra_time": 0.0035514533263631166, "infer_time": 0.0012147812948872646, "tra_mem": 3166.0, "infer_mem": 1602.0, "model_FLOPs": "1.65675G", "model_nparam": "329.153K"}