{"bsz": 16, "tra_time": 0.00320744365938784, "infer_time": 0.001055998549660823, "tra_mem": 2058.0, "infer_mem": 1432.0, "model_FLOPs": "4.89685G", "model_nparam": "477.377K"}