{"bsz": 16, "tra_time": 0.002682129489141516, "infer_time": 0.0007111108197326152, "tra_mem": 1480.0, "infer_mem": 1260.0, "model_FLOPs": "450.626M", "model_nparam": "477.377K"}