{"bsz": 16, "tra_time": 0.0030216511148028076, "infer_time": 0.0009911054683228336, "tra_mem": 2024.0, "infer_mem": 1382.0, "model_FLOPs": "1.03678G", "model_nparam": "526.785K"}