{"bsz": 16, "tra_time": 0.004306847187166568, "infer_time": 0.0013939028605818749, "tra_mem": 3186.0, "infer_mem": 1628.0, "model_FLOPs": "2.22403G", "model_nparam": "477.377K"}