{"bsz": 16, "tra_time": 0.0021589110787414638, "infer_time": 0.0006010411021028024, "tra_mem": 1152.0, "infer_mem": 1030.0, "model_FLOPs": "101.188M", "model_nparam": "329.153K"}