{"bsz": 2, "tra_time": 0.2213502751730072, "infer_time": 0.10547002975363284, "tra_mem": 10666.0, "infer_mem": 2824.0, "model_FLOPs": "7.31757G", "model_nparam": "884.993K"}