{"bsz": 2, "tra_time": 0.02010697496992846, "infer_time": 0.00738871656358242, "tra_mem": 1586.0, "infer_mem": 1350.0, "model_FLOPs": "6.5527G", "model_nparam": "1.0327M"}