{"bsz": 2, "tra_time": 0.013854664940387012, "infer_time": 0.00417775825286905, "tra_mem": 1314.0, "infer_mem": 1134.0, "model_FLOPs": "249.54M", "model_nparam": "884.993K"}