{"bsz": 2, "tra_time": 0.0211624312880449, "infer_time": 0.0072511055382589494, "tra_mem": 1994.0, "infer_mem": 1470.0, "model_FLOPs": "14.689G", "model_nparam": "1.0327M"}