{"bsz": 2, "tra_time": 0.08591518611010784, "infer_time": 0.032739065686861676, "tra_mem": 4914.0, "infer_mem": 2226.0, "model_FLOPs": "58.719G", "model_nparam": "1.0327M"}