{"bsz": 2, "tra_time": 0.01642171318937714, "infer_time": 0.0038749477919191124, "tra_mem": 1520.0, "infer_mem": 1088.0, "model_FLOPs": "460.478M", "model_nparam": "329.217K"}