{"bsz": 2, "tra_time": 0.023454955680140607, "infer_time": 0.006338445320725441, "tra_mem": 2148.0, "infer_mem": 1468.0, "model_FLOPs": "18.8715G", "model_nparam": "772.353K"}