{"bsz": 2, "tra_time": 0.01682921694482987, "infer_time": 0.003944943005529542, "tra_mem": 1114.0, "infer_mem": 1046.0, "model_FLOPs": "16.9743M", "model_nparam": "329.217K"}