{"bsz": 2, "tra_time": 0.02022078676971917, "infer_time": 0.004664018886784713, "tra_mem": 1774.0, "infer_mem": 1322.0, "model_FLOPs": "6.5898G", "model_nparam": "476.929K"}