{"bsz": 2, "tra_time": 0.022703304827213288, "infer_time": 0.005469790388209124, "tra_mem": 1708.0, "infer_mem": 1334.0, "model_FLOPs": "8.4453G", "model_nparam": "772.353K"}