{"bsz": 2, "tra_time": 0.020799276423174886, "infer_time": 0.005088858328138789, "tra_mem": 1968.0, "infer_mem": 1340.0, "model_FLOPs": "8.28432G", "model_nparam": "624.641K"}