{"bsz": 2, "tra_time": 0.018616212831654894, "infer_time": 0.004301519063301385, "tra_mem": 1898.0, "infer_mem": 1340.0, "model_FLOPs": "2.83536G", "model_nparam": "476.929K"}