{"bsz": 2, "tra_time": 0.04727047534907858, "infer_time": 0.013426577278102439, "tra_mem": 4014.0, "infer_mem": 2108.0, "model_FLOPs": "6.29479G", "model_nparam": "329.217K"}