train_rl2,test_rl2
0.9171417593955994,0.8959967255592346
0.887429678440094,0.8959967255592346
