train_rl2,test_rl2
0.9176150321960449,0.8970247626304626
0.8884015679359436,0.8970247626304626
