{"bsz": 16, "tra_time": 0.001257721594069153, "infer_time": 0.000357211766919742, "tra_mem": 1524.0, "infer_mem": 1324.0, "model_FLOPs": "1.58964G", "model_nparam": "386.241K"}