{"bsz": 4, "tra_time": 0.015171582551673054, "infer_time": 0.004348572347313165, "tra_mem": 1270.0, "infer_mem": 1270.0, "model_FLOPs": "189.268M", "model_nparam": "386.241K"}