{"bsz": 16, "tra_time": 0.0014452481234135727, "infer_time": 0.0003536825650371611, "tra_mem": 1424.0, "infer_mem": 1274.0, "model_FLOPs": "454.427M", "model_nparam": "485.057K"}