{"bsz": 4, "tra_time": 0.011801764818374067, "infer_time": 0.003012534807436168, "tra_mem": 1436.0, "infer_mem": 1340.0, "model_FLOPs": "2.97376G", "model_nparam": "336.833K"}