{"bsz": 4, "tra_time": 0.016974403196014464, "infer_time": 0.005018452101852745, "tra_mem": 1292.0, "infer_mem": 1270.0, "model_FLOPs": "896.008M", "model_nparam": "435.649K"}