{"bsz": 16, "tra_time": 0.001054921441245824, "infer_time": 0.0002785033701608578, "tra_mem": 1438.0, "infer_mem": 1288.0, "model_FLOPs": "769.655M", "model_nparam": "386.241K"}