{"bsz": 4, "tra_time": 0.01207828941848129, "infer_time": 0.0034178624912165104, "tra_mem": 1288.0, "infer_mem": 1266.0, "model_FLOPs": "592.445M", "model_nparam": "336.833K"}