{"bsz": 4, "tra_time": 0.01486154965730384, "infer_time": 0.004247380733024329, "tra_mem": 1274.0, "infer_mem": 1272.0, "model_FLOPs": "384.827M", "model_nparam": "386.241K"}