{"bsz": 4, "tra_time": 0.019117338008247317, "infer_time": 0.005421643809881061, "tra_mem": 1276.0, "infer_mem": 1274.0, "model_FLOPs": "460.718M", "model_nparam": "485.057K"}