{"bsz": 4, "tra_time": 0.016052955004852265, "infer_time": 0.0044878387511707845, "tra_mem": 1312.0, "infer_mem": 1268.0, "model_FLOPs": "896.008M", "model_nparam": "435.649K"}