{"bsz": 4, "tra_time": 0.015705363905988635, "infer_time": 0.004083604084793478, "tra_mem": 1462.0, "infer_mem": 1340.0, "model_FLOPs": "3.78326G", "model_nparam": "386.241K"}