{"bsz": 4, "tra_time": 0.010060153950937092, "infer_time": 0.002450115186162293, "tra_mem": 1434.0, "infer_mem": 1340.0, "model_FLOPs": "1.35476G", "model_nparam": "287.425K"}