{"bsz": 4, "tra_time": 0.011167754836846143, "infer_time": 0.003273481782991439, "tra_mem": 1440.0, "infer_mem": 1322.0, "model_FLOPs": "1.35476G", "model_nparam": "287.425K"}