{"bsz": 4, "tra_time": 0.019922529917676002, "infer_time": 0.004780141877941787, "tra_mem": 1438.0, "infer_mem": 1344.0, "model_FLOPs": "4.39039G", "model_nparam": "485.057K"}