{"bsz": 16, "tra_time": 0.0009817725056782366, "infer_time": 0.00025283581499631206, "tra_mem": 1522.0, "infer_mem": 1324.0, "model_FLOPs": "1.18489G", "model_nparam": "336.833K"}