{"bsz": 4, "tra_time": 0.012147246030159294, "infer_time": 0.0036288357265293596, "tra_mem": 1272.0, "infer_mem": 1270.0, "model_FLOPs": "283.64M", "model_nparam": "336.833K"}