{"bsz": 4, "tra_time": 0.014507737250532955, "infer_time": 0.00403827985143289, "tra_mem": 1436.0, "infer_mem": 1342.0, "model_FLOPs": "3.78326G", "model_nparam": "386.241K"}