{"bsz": 4, "tra_time": 0.01462787769548595, "infer_time": 0.004014856111258268, "tra_mem": 1270.0, "infer_mem": 1268.0, "model_FLOPs": "189.268M", "model_nparam": "386.241K"}