{"bsz": 16, "tra_time": 0.0008061943367744486, "infer_time": 0.00022539940507461625, "tra_mem": 1440.0, "infer_mem": 1270.0, "model_FLOPs": "277.348M", "model_nparam": "336.833K"}