{"bsz": 4, "tra_time": 0.00899263425078243, "infer_time": 0.0030297200665809214, "tra_mem": 1172.0, "infer_mem": 1094.0, "model_FLOPs": "476.054M", "model_nparam": "287.425K"}