{"bsz": 4, "tra_time": 0.010299191255122422, "infer_time": 0.002758736898191273, "tra_mem": 1364.0, "infer_mem": 1286.0, "model_FLOPs": "476.054M", "model_nparam": "287.425K"}