{"bsz": 16, "tra_time": 0.0011459922360566755, "infer_time": 0.0004211241806236406, "tra_mem": 1424.0, "infer_mem": 1274.0, "model_FLOPs": "429.13M", "model_nparam": "435.649K"}