{"bsz": 4, "tra_time": 0.01784667216613889, "infer_time": 0.005025851127691567, "tra_mem": 1274.0, "infer_mem": 1274.0, "model_FLOPs": "435.421M", "model_nparam": "435.649K"}