{"bsz": 4, "tra_time": 0.009951078668702394, "infer_time": 0.0029366285530850293, "tra_mem": 1386.0, "infer_mem": 1284.0, "model_FLOPs": "1.35476G", "model_nparam": "287.425K"}