{"bsz": 4, "tra_time": 0.019853317711967976, "infer_time": 0.0052643318879418075, "tra_mem": 1292.0, "infer_mem": 1270.0, "model_FLOPs": "946.602M", "model_nparam": "485.057K"}