{"bsz": 4, "tra_time": 0.009797194534447044, "infer_time": 0.002660330377519131, "tra_mem": 1270.0, "infer_mem": 1270.0, "model_FLOPs": "81.2646M", "model_nparam": "287.425K"}