{"bsz": 4, "tra_time": 0.009904679805971681, "infer_time": 0.0029561537401750684, "tra_mem": 1390.0, "infer_mem": 1300.0, "model_FLOPs": "1.35476G", "model_nparam": "287.425K"}