{"bsz": 4, "tra_time": 0.010557418150827289, "infer_time": 0.0029151810770854355, "tra_mem": 1270.0, "infer_mem": 1270.0, "model_FLOPs": "81.2646M", "model_nparam": "287.425K"}