{"bsz": 4, "tra_time": 0.012817162725608795, "infer_time": 0.003033744256477803, "tra_mem": 1270.0, "infer_mem": 1268.0, "model_FLOPs": "138.674M", "model_nparam": "336.833K"}