{"bsz": 4, "tra_time": 0.011125789984595031, "infer_time": 0.002932667138520628, "tra_mem": 1270.0, "infer_mem": 1270.0, "model_FLOPs": "81.2646M", "model_nparam": "287.425K"}