{"bsz": 4, "tra_time": 0.014373608651570976, "infer_time": 0.004013493612408638, "tra_mem": 1310.0, "infer_mem": 1268.0, "model_FLOPs": "794.821M", "model_nparam": "386.241K"}