{"bsz": 16, "tra_time": 0.0007527095330879093, "infer_time": 0.00033297017527123294, "tra_mem": 1418.0, "infer_mem": 1270.0, "model_FLOPs": "74.9732M", "model_nparam": "287.425K"}