{"bsz": 4, "tra_time": 0.014339568867813795, "infer_time": 0.004040243619121611, "tra_mem": 1274.0, "infer_mem": 1270.0, "model_FLOPs": "189.268M", "model_nparam": "386.241K"}