{"bsz": 4, "tra_time": 0.017027760731056333, "infer_time": 0.00521691274875775, "tra_mem": 1272.0, "infer_mem": 1270.0, "model_FLOPs": "214.565M", "model_nparam": "435.649K"}