{"bsz": 16, "tra_time": 0.001505790391781678, "infer_time": 0.000435290263655285, "tra_mem": 1440.0, "infer_mem": 1290.0, "model_FLOPs": "921.436M", "model_nparam": "485.057K"}