{"bsz": 4, "tra_time": 0.012053362572100013, "infer_time": 0.0032665657051838934, "tra_mem": 1308.0, "infer_mem": 1266.0, "model_FLOPs": "592.445M", "model_nparam": "336.833K"}