{"bsz": 4, "tra_time": 0.011267045789398253, "infer_time": 0.0029841851750388743, "tra_mem": 1274.0, "infer_mem": 1270.0, "model_FLOPs": "81.2646M", "model_nparam": "287.425K"}