{"bsz": 4, "tra_time": 0.017462013388518244, "infer_time": 0.004919442882295698, "tra_mem": 1292.0, "infer_mem": 1270.0, "model_FLOPs": "896.008M", "model_nparam": "435.649K"}