{"bsz": 4, "tra_time": 0.009932434961665421, "infer_time": 0.0029204438785091044, "tra_mem": 1098.0, "infer_mem": 1076.0, "model_FLOPs": "187.695M", "model_nparam": "287.425K"}