{"bsz": 4, "tra_time": 0.009630363894626499, "infer_time": 0.0032523410888388752, "tra_mem": 1080.0, "infer_mem": 1076.0, "model_FLOPs": "81.2646M", "model_nparam": "287.425K"}