{"bsz": 16, "tra_time": 0.001092165209663411, "infer_time": 0.00026695115491747856, "tra_mem": 1420.0, "infer_mem": 1272.0, "model_FLOPs": "378.536M", "model_nparam": "386.241K"}