{"bsz": 4, "tra_time": 0.011702740866690873, "infer_time": 0.0029928175318054855, "tra_mem": 1364.0, "infer_mem": 1286.0, "model_FLOPs": "1.28555G", "model_nparam": "336.833K"}