{"bsz": 4, "tra_time": 0.011022963542956858, "infer_time": 0.00273156198579818, "tra_mem": 1288.0, "infer_mem": 1266.0, "model_FLOPs": "187.695M", "model_nparam": "287.425K"}