{"bsz": 4, "tra_time": 0.010971105759497732, "infer_time": 0.0032651169025339185, "tra_mem": 1460.0, "infer_mem": 1338.0, "model_FLOPs": "1.35476G", "model_nparam": "287.425K"}