{"bsz": 16, "tra_time": 0.0008173133569459121, "infer_time": 0.00022421845002099872, "tra_mem": 1536.0, "infer_mem": 1322.0, "model_FLOPs": "375.39M", "model_nparam": "287.425K"}