{"bsz": 4, "tra_time": 0.016847590882796793, "infer_time": 0.004927002110052854, "tra_mem": 1292.0, "infer_mem": 1268.0, "model_FLOPs": "896.008M", "model_nparam": "435.649K"}