{"bsz": 16, "tra_time": 0.0008743547503836453, "infer_time": 0.00025747229422753054, "tra_mem": 1458.0, "infer_mem": 1288.0, "model_FLOPs": "567.28M", "model_nparam": "336.833K"}