{"bsz": 4, "tra_time": 0.010675852697808295, "infer_time": 0.0028922328199259936, "tra_mem": 1268.0, "infer_mem": 1268.0, "model_FLOPs": "37.4866M", "model_nparam": "287.425K"}