{"bsz": 4, "tra_time": 0.009378780290018767, "infer_time": 0.003047517797444016, "tra_mem": 1398.0, "infer_mem": 1308.0, "model_FLOPs": "1.35476G", "model_nparam": "287.425K"}