{"bsz": 4, "tra_time": 0.01032523928489536, "infer_time": 0.0027632636278867723, "tra_mem": 1270.0, "infer_mem": 1270.0, "model_FLOPs": "81.2646M", "model_nparam": "287.425K"}