{"bsz": 4, "tra_time": 0.018219316128641368, "infer_time": 0.005219132200349122, "tra_mem": 1444.0, "infer_mem": 1324.0, "model_FLOPs": "4.18801G", "model_nparam": "435.649K"}