{"bsz": 4, "tra_time": 0.011495805796701461, "infer_time": 0.0031105478676036, "tra_mem": 1272.0, "infer_mem": 1270.0, "model_FLOPs": "138.674M", "model_nparam": "336.833K"}