{"bsz": 4, "tra_time": 0.010159488660283386, "infer_time": 0.003371192102320492, "tra_mem": 1134.0, "infer_mem": 1096.0, "model_FLOPs": "476.054M", "model_nparam": "287.425K"}