{"bsz": 16, "tra_time": 0.0014786861523364981, "infer_time": 0.0004843504113766054, "tra_mem": 1906.0, "infer_mem": 1568.0, "model_FLOPs": "5.94752G", "model_nparam": "336.833K"}