{"bsz": 4, "tra_time": 0.01939603601163253, "infer_time": 0.0057815696117468176, "tra_mem": 1328.0, "infer_mem": 1290.0, "model_FLOPs": "1.99387G", "model_nparam": "485.057K"}