{"bsz": 16, "tra_time": 0.0006706258001116415, "infer_time": 0.00019124798787136874, "tra_mem": 1176.0, "infer_mem": 1074.0, "model_FLOPs": "102.76M", "model_nparam": "287.425K"}