{"bsz": 16, "tra_time": 0.0006823742147535086, "infer_time": 0.00026107085791106025, "tra_mem": 1492.0, "infer_mem": 1286.0, "model_FLOPs": "162.529M", "model_nparam": "287.425K"}