{"bsz": 16, "tra_time": 0.002100948364939541, "infer_time": 0.000733742694525669, "tra_mem": 1972.0, "infer_mem": 1602.0, "model_FLOPs": "7.56652G", "model_nparam": "386.241K"}