{"bsz": 4, "tra_time": 0.008508896894752978, "infer_time": 0.0022064022226259113, "tra_mem": 1044.0, "infer_mem": 1020.0, "model_FLOPs": "51.3802M", "model_nparam": "287.425K"}