{"bsz": 4, "tra_time": 0.020400665629189463, "infer_time": 0.005280674522276968, "tra_mem": 1444.0, "infer_mem": 1326.0, "model_FLOPs": "4.39039G", "model_nparam": "485.057K"}