{"bsz": 4, "tra_time": 0.0124882295653224, "infer_time": 0.0034855102291330695, "tra_mem": 1344.0, "infer_mem": 1286.0, "model_FLOPs": "1.28555G", "model_nparam": "336.833K"}