{"bsz": 4, "tra_time": 0.014910400392021983, "infer_time": 0.0041853162935003635, "tra_mem": 1290.0, "infer_mem": 1268.0, "model_FLOPs": "794.821M", "model_nparam": "386.241K"}