{"bsz": 4, "tra_time": 0.015108145472127944, "infer_time": 0.0038458144944161178, "tra_mem": 1326.0, "infer_mem": 1288.0, "model_FLOPs": "1.6903G", "model_nparam": "386.241K"}