{"bsz": 4, "tra_time": 0.013013528700452298, "infer_time": 0.0034604645823128524, "tra_mem": 1326.0, "infer_mem": 1288.0, "model_FLOPs": "1.28555G", "model_nparam": "336.833K"}