{"bsz": 4, "tra_time": 0.014998675300739705, "infer_time": 0.00409674318227917, "tra_mem": 1326.0, "infer_mem": 1288.0, "model_FLOPs": "1.6903G", "model_nparam": "386.241K"}