{"bsz": 4, "tra_time": 0.00879948544083163, "infer_time": 0.0022691631759516897, "tra_mem": 1044.0, "infer_mem": 1022.0, "model_FLOPs": "51.3802M", "model_nparam": "287.425K"}