{"bsz": 4, "tra_time": 0.01952180885244161, "infer_time": 0.00525401409342885, "tra_mem": 1348.0, "infer_mem": 1290.0, "model_FLOPs": "1.99387G", "model_nparam": "485.057K"}