{"bsz": 4, "tra_time": 0.020111223424319178, "infer_time": 0.0057586803692393, "tra_mem": 1272.0, "infer_mem": 1270.0, "model_FLOPs": "227.213M", "model_nparam": "485.057K"}