{"bsz": 4, "tra_time": 0.01578366667078808, "infer_time": 0.004321559111122042, "tra_mem": 1274.0, "infer_mem": 1274.0, "model_FLOPs": "435.421M", "model_nparam": "435.649K"}