{"bsz": 16, "tra_time": 0.0010768476493346194, "infer_time": 0.00035431094855691, "tra_mem": 1752.0, "infer_mem": 1414.0, "model_FLOPs": "2.70952G", "model_nparam": "287.425K"}