{"bsz": 16, "tra_time": 0.0018995822321934003, "infer_time": 0.0005935661347272496, "tra_mem": 1524.0, "infer_mem": 1326.0, "model_FLOPs": "1.8932G", "model_nparam": "485.057K"}