{"bsz": 4, "tra_time": 0.01763719369051978, "infer_time": 0.005147506726440042, "tra_mem": 1272.0, "infer_mem": 1270.0, "model_FLOPs": "214.565M", "model_nparam": "435.649K"}