{"bsz": 4, "tra_time": 0.0088504324904643, "infer_time": 0.002185260412748903, "tra_mem": 1028.0, "infer_mem": 1024.0, "model_FLOPs": "13.1072M", "model_nparam": "287.425K"}