{"bsz": 4, "tra_time": 0.019694976615719496, "infer_time": 0.005628661194816232, "tra_mem": 1292.0, "infer_mem": 1270.0, "model_FLOPs": "946.602M", "model_nparam": "485.057K"}