{"bsz": 16, "tra_time": 0.0007139977134453753, "infer_time": 0.00022672604924688737, "tra_mem": 1420.0, "infer_mem": 1270.0, "model_FLOPs": "74.9732M", "model_nparam": "287.425K"}