{"bsz": 4, "tra_time": 0.010477369314059615, "infer_time": 0.003007736226078123, "tra_mem": 1270.0, "infer_mem": 1270.0, "model_FLOPs": "81.2646M", "model_nparam": "287.425K"}