{"bsz": 4, "tra_time": 0.010654107672628015, "infer_time": 0.0027979467958211897, "tra_mem": 1410.0, "infer_mem": 1324.0, "model_FLOPs": "1.35476G", "model_nparam": "287.425K"}