{"bsz": 4, "tra_time": 0.012659784653224052, "infer_time": 0.0036415286785922945, "tra_mem": 1442.0, "infer_mem": 1322.0, "model_FLOPs": "2.97376G", "model_nparam": "336.833K"}