{"bsz": 4, "tra_time": 0.012439192020799964, "infer_time": 0.0031517596971243618, "tra_mem": 1290.0, "infer_mem": 1268.0, "model_FLOPs": "592.445M", "model_nparam": "336.833K"}