{"bsz": 16, "tra_time": 0.0012357921258856852, "infer_time": 0.0003138292402339478, "tra_mem": 1460.0, "infer_mem": 1290.0, "model_FLOPs": "870.842M", "model_nparam": "435.649K"}