{"bsz": 16, "tra_time": 0.0009034724237086872, "infer_time": 0.00036194866445536417, "tra_mem": 1612.0, "infer_mem": 1316.0, "model_FLOPs": "1.619G", "model_nparam": "287.425K"}