{"bsz": 16, "tra_time": 0.0008903934921448428, "infer_time": 0.0003855953381086389, "tra_mem": 1472.0, "infer_mem": 1286.0, "model_FLOPs": "567.28M", "model_nparam": "336.833K"}