{"bsz": 4, "tra_time": 0.020268499395810068, "infer_time": 0.005583350343164056, "tra_mem": 1428.0, "infer_mem": 1326.0, "model_FLOPs": "4.39039G", "model_nparam": "485.057K"}