{"bsz": 4, "tra_time": 0.00874444059934467, "infer_time": 0.002434339210856706, "tra_mem": 1084.0, "infer_mem": 1042.0, "model_FLOPs": "203.424M", "model_nparam": "287.425K"}