{"bsz": 4, "tra_time": 0.019596929110586643, "infer_time": 0.005448518624529243, "tra_mem": 1292.0, "infer_mem": 1270.0, "model_FLOPs": "946.602M", "model_nparam": "485.057K"}