{"bsz": 4, "tra_time": 0.02038614687277004, "infer_time": 0.006026105861645192, "tra_mem": 1348.0, "infer_mem": 1290.0, "model_FLOPs": "1.99387G", "model_nparam": "485.057K"}