{"bsz": 4, "tra_time": 0.015335812462959439, "infer_time": 0.003814486877527088, "tra_mem": 1426.0, "infer_mem": 1326.0, "model_FLOPs": "3.78326G", "model_nparam": "386.241K"}