{"bsz": 4, "tra_time": 0.01115297491569072, "infer_time": 0.002877465437632054, "tra_mem": 1440.0, "infer_mem": 1322.0, "model_FLOPs": "1.35476G", "model_nparam": "287.425K"}