{"bsz": 16, "tra_time": 0.0006271935656356315, "infer_time": 0.00017634485615417362, "tra_mem": 1080.0, "infer_mem": 1042.0, "model_FLOPs": "26.2144M", "model_nparam": "287.425K"}