{"bsz": 4, "tra_time": 0.010060048153623938, "infer_time": 0.003214202699251473, "tra_mem": 1096.0, "infer_mem": 1074.0, "model_FLOPs": "187.695M", "model_nparam": "287.425K"}