{"bsz": 4, "tra_time": 0.01544329712493345, "infer_time": 0.004105210290756077, "tra_mem": 1272.0, "infer_mem": 1272.0, "model_FLOPs": "384.827M", "model_nparam": "386.241K"}