{"bsz": 16, "tra_time": 0.0009748145048506558, "infer_time": 0.00034359563995773587, "tra_mem": 1494.0, "infer_mem": 1288.0, "model_FLOPs": "769.655M", "model_nparam": "386.241K"}