{"bsz": 4, "tra_time": 0.014198227834422142, "infer_time": 0.003845716951880604, "tra_mem": 1272.0, "infer_mem": 1272.0, "model_FLOPs": "384.827M", "model_nparam": "386.241K"}