{"bsz": 4, "tra_time": 0.009893563280813396, "infer_time": 0.003029189013876021, "tra_mem": 1078.0, "infer_mem": 1076.0, "model_FLOPs": "37.4866M", "model_nparam": "287.425K"}