{"bsz": 4, "tra_time": 0.009026425200048835, "infer_time": 0.002407287923619151, "tra_mem": 1004.0, "infer_mem": 1004.0, "model_FLOPs": "3.40787M", "model_nparam": "287.425K"}