{"bsz": 4, "tra_time": 0.017617754576262086, "infer_time": 0.004931580918841064, "tra_mem": 1348.0, "infer_mem": 1288.0, "model_FLOPs": "1.89268G", "model_nparam": "435.649K"}