{"bsz": 4, "tra_time": 0.013042471099179238, "infer_time": 0.0035384956328198313, "tra_mem": 1324.0, "infer_mem": 1286.0, "model_FLOPs": "1.28555G", "model_nparam": "336.833K"}