{"bsz": 16, "tra_time": 0.0012098293079373737, "infer_time": 0.00037434755436455207, "tra_mem": 1496.0, "infer_mem": 1288.0, "model_FLOPs": "870.842M", "model_nparam": "435.649K"}