{"bsz": 4, "tra_time": 0.01767969393916428, "infer_time": 0.004970717212185264, "tra_mem": 1272.0, "infer_mem": 1270.0, "model_FLOPs": "214.565M", "model_nparam": "435.649K"}