{"bsz": 4, "tra_time": 0.010209821765311062, "infer_time": 0.00294736718153581, "tra_mem": 1078.0, "infer_mem": 1078.0, "model_FLOPs": "81.2646M", "model_nparam": "287.425K"}