{"bsz": 4, "tra_time": 0.012613150513265283, "infer_time": 0.003507423219271004, "tra_mem": 1288.0, "infer_mem": 1266.0, "model_FLOPs": "592.445M", "model_nparam": "336.833K"}