{"bsz": 4, "tra_time": 0.016973620397038758, "infer_time": 0.0048285458129830655, "tra_mem": 1312.0, "infer_mem": 1268.0, "model_FLOPs": "896.008M", "model_nparam": "435.649K"}