{"bsz": 4, "tra_time": 0.013010322080459446, "infer_time": 0.0033285497296601536, "tra_mem": 1272.0, "infer_mem": 1270.0, "model_FLOPs": "283.64M", "model_nparam": "336.833K"}