{"bsz": 4, "tra_time": 0.017026792585849763, "infer_time": 0.0051304584108293055, "tra_mem": 1274.0, "infer_mem": 1272.0, "model_FLOPs": "435.421M", "model_nparam": "435.649K"}