{"bsz": 4, "tra_time": 0.01487385762995109, "infer_time": 0.004182262692600489, "tra_mem": 1326.0, "infer_mem": 1288.0, "model_FLOPs": "1.6903G", "model_nparam": "386.241K"}