{"bsz": 4, "tra_time": 0.01264669461082667, "infer_time": 0.0035054962243884803, "tra_mem": 1426.0, "infer_mem": 1322.0, "model_FLOPs": "2.97376G", "model_nparam": "336.833K"}