{"bsz": 16, "tra_time": 0.0007765636894231042, "infer_time": 0.0003346324890541533, "tra_mem": 1456.0, "infer_mem": 1288.0, "model_FLOPs": "162.529M", "model_nparam": "287.425K"}