{"bsz": 4, "tra_time": 0.011237517687957733, "infer_time": 0.003122053117491305, "tra_mem": 1344.0, "infer_mem": 1286.0, "model_FLOPs": "476.054M", "model_nparam": "287.425K"}