{"bsz": 4, "tra_time": 0.01059492858266458, "infer_time": 0.0033319342909380796, "tra_mem": 1136.0, "infer_mem": 1094.0, "model_FLOPs": "476.054M", "model_nparam": "287.425K"}