{"bsz": 4, "tra_time": 0.01463884615059942, "infer_time": 0.004542339008301497, "tra_mem": 1426.0, "infer_mem": 1324.0, "model_FLOPs": "3.78326G", "model_nparam": "386.241K"}