{"bsz": 4, "tra_time": 0.017105900266207754, "infer_time": 0.0049077731692232195, "tra_mem": 1274.0, "infer_mem": 1274.0, "model_FLOPs": "435.421M", "model_nparam": "435.649K"}