{"bsz": 16, "tra_time": 0.0008837778250065943, "infer_time": 0.0002412316443709036, "tra_mem": 1424.0, "infer_mem": 1272.0, "model_FLOPs": "277.348M", "model_nparam": "336.833K"}