{"bsz": 4, "tra_time": 0.01997072633681819, "infer_time": 0.005852043719030917, "tra_mem": 1272.0, "infer_mem": 1270.0, "model_FLOPs": "227.213M", "model_nparam": "485.057K"}