{"bsz": 4, "tra_time": 0.010737241016700864, "infer_time": 0.003014218311291188, "tra_mem": 1324.0, "infer_mem": 1286.0, "model_FLOPs": "476.054M", "model_nparam": "287.425K"}