{"bsz": 16, "tra_time": 0.0008517267693144579, "infer_time": 0.00024218515337755283, "tra_mem": 1438.0, "infer_mem": 1286.0, "model_FLOPs": "567.28M", "model_nparam": "336.833K"}