{"bsz": 16, "tra_time": 0.000614901455429693, "infer_time": 0.0001973176375031471, "tra_mem": 1046.0, "infer_mem": 1024.0, "model_FLOPs": "6.81574M", "model_nparam": "287.425K"}