{"bsz": 16, "tra_time": 0.0005212294647159676, "infer_time": 0.0001513775282849868, "tra_mem": 1082.0, "infer_mem": 1040.0, "model_FLOPs": "26.2144M", "model_nparam": "287.425K"}