{"bsz": 4, "tra_time": 0.017245077083352954, "infer_time": 0.005347247048281133, "tra_mem": 1272.0, "infer_mem": 1270.0, "model_FLOPs": "214.565M", "model_nparam": "435.649K"}