{"bsz": 4, "tra_time": 0.019477940572425724, "infer_time": 0.005835111531428992, "tra_mem": 1272.0, "infer_mem": 1270.0, "model_FLOPs": "227.213M", "model_nparam": "485.057K"}