{"bsz": 4, "tra_time": 0.01948057121085003, "infer_time": 0.005785927615594119, "tra_mem": 1328.0, "infer_mem": 1290.0, "model_FLOPs": "1.99387G", "model_nparam": "485.057K"}