{"bsz": 4, "tra_time": 0.015219721680507064, "infer_time": 0.00412867359444499, "tra_mem": 1426.0, "infer_mem": 1324.0, "model_FLOPs": "3.78326G", "model_nparam": "386.241K"}