{"bsz": 16, "tra_time": 0.0009259431874379516, "infer_time": 0.00025398222341512644, "tra_mem": 1538.0, "infer_mem": 1322.0, "model_FLOPs": "1.18489G", "model_nparam": "336.833K"}