{"bsz": 4, "tra_time": 0.017960685710888356, "infer_time": 0.004639112185686827, "tra_mem": 1464.0, "infer_mem": 1324.0, "model_FLOPs": "4.18801G", "model_nparam": "435.649K"}