{"bsz": 16, "tra_time": 0.0017740113336282472, "infer_time": 0.0006152336586577197, "tra_mem": 1700.0, "infer_mem": 1440.0, "model_FLOPs": "3.78536G", "model_nparam": "435.649K"}