{"bsz": 16, "tra_time": 0.0008721619906524817, "infer_time": 0.00024362392723560332, "tra_mem": 1420.0, "infer_mem": 1270.0, "model_FLOPs": "277.348M", "model_nparam": "336.833K"}