{"bsz": 4, "tra_time": 0.019842939589638262, "infer_time": 0.006164906343910843, "tra_mem": 1332.0, "infer_mem": 1290.0, "model_FLOPs": "1.99387G", "model_nparam": "485.057K"}