{"bsz": 4, "tra_time": 0.017477300375699997, "infer_time": 0.004961785674560815, "tra_mem": 1428.0, "infer_mem": 1324.0, "model_FLOPs": "4.18801G", "model_nparam": "435.649K"}