{"bsz": 4, "tra_time": 0.012847798260394484, "infer_time": 0.003154096971731633, "tra_mem": 1276.0, "infer_mem": 1270.0, "model_FLOPs": "283.64M", "model_nparam": "336.833K"}