{"bsz": 4, "tra_time": 0.012344006067607553, "infer_time": 0.003632580576464534, "tra_mem": 1328.0, "infer_mem": 1286.0, "model_FLOPs": "1.28555G", "model_nparam": "336.833K"}