{"bsz": 4, "tra_time": 0.01677430317318067, "infer_time": 0.005101849348749966, "tra_mem": 1328.0, "infer_mem": 1290.0, "model_FLOPs": "1.89268G", "model_nparam": "435.649K"}