{"bsz": 4, "tra_time": 0.012556143101770431, "infer_time": 0.0032135759186930953, "tra_mem": 1462.0, "infer_mem": 1338.0, "model_FLOPs": "2.97376G", "model_nparam": "336.833K"}