{"bsz": 4, "tra_time": 0.010965438682585954, "infer_time": 0.0030574539937078954, "tra_mem": 1328.0, "infer_mem": 1286.0, "model_FLOPs": "476.054M", "model_nparam": "287.425K"}