{"bsz": 4, "tra_time": 0.01790363508882001, "infer_time": 0.004683367302175611, "tra_mem": 1428.0, "infer_mem": 1326.0, "model_FLOPs": "4.18801G", "model_nparam": "435.649K"}