{"bsz": 16, "tra_time": 0.0008683188711293041, "infer_time": 0.0003168578050099313, "tra_mem": 1420.0, "infer_mem": 1270.0, "model_FLOPs": "277.348M", "model_nparam": "336.833K"}