{"bsz": 4, "tra_time": 0.01245514741167426, "infer_time": 0.0036147859687916933, "tra_mem": 1324.0, "infer_mem": 1286.0, "model_FLOPs": "1.28555G", "model_nparam": "336.833K"}