{"bsz": 4, "tra_time": 0.017343457465525715, "infer_time": 0.005337650673929602, "tra_mem": 1272.0, "infer_mem": 1270.0, "model_FLOPs": "214.565M", "model_nparam": "435.649K"}