{"bsz": 4, "tra_time": 0.01487396751763299, "infer_time": 0.004051514454185962, "tra_mem": 1276.0, "infer_mem": 1272.0, "model_FLOPs": "384.827M", "model_nparam": "386.241K"}