{"bsz": 4, "tra_time": 0.01056426323344931, "infer_time": 0.002901064339093864, "tra_mem": 1288.0, "infer_mem": 1266.0, "model_FLOPs": "187.695M", "model_nparam": "287.425K"}