{"bsz": 16, "tra_time": 0.0010856714386803408, "infer_time": 0.0004201593024966617, "tra_mem": 1442.0, "infer_mem": 1274.0, "model_FLOPs": "429.13M", "model_nparam": "435.649K"}