{"bsz": 4, "tra_time": 0.020312328689265996, "infer_time": 0.005348959143739194, "tra_mem": 1464.0, "infer_mem": 1326.0, "model_FLOPs": "4.39039G", "model_nparam": "485.057K"}