{"bsz": 16, "tra_time": 0.0012773944918687144, "infer_time": 0.0004570920167801281, "tra_mem": 1476.0, "infer_mem": 1288.0, "model_FLOPs": "870.842M", "model_nparam": "435.649K"}