{"bsz": 4, "tra_time": 0.01524956796457991, "infer_time": 0.003806063301861286, "tra_mem": 1290.0, "infer_mem": 1268.0, "model_FLOPs": "794.821M", "model_nparam": "386.241K"}