{"bsz": 4, "tra_time": 0.014436752354260535, "infer_time": 0.0038056128728203476, "tra_mem": 1272.0, "infer_mem": 1272.0, "model_FLOPs": "384.827M", "model_nparam": "386.241K"}