{"bsz": 4, "tra_time": 0.008474814288783819, "infer_time": 0.0023423498501069845, "tra_mem": 1146.0, "infer_mem": 1076.0, "model_FLOPs": "809.501M", "model_nparam": "287.425K"}