{"bsz": 16, "tra_time": 0.001010195448063314, "infer_time": 0.00035589089694743357, "tra_mem": 1438.0, "infer_mem": 1288.0, "model_FLOPs": "769.655M", "model_nparam": "386.241K"}