{"bsz": 4, "tra_time": 0.01234420299110934, "infer_time": 0.003499877333175391, "tra_mem": 1276.0, "infer_mem": 1270.0, "model_FLOPs": "283.64M", "model_nparam": "336.833K"}