{"bsz": 4, "tra_time": 0.008191407250240446, "infer_time": 0.0019823915818706155, "tra_mem": 1082.0, "infer_mem": 1040.0, "model_FLOPs": "203.424M", "model_nparam": "287.425K"}