{"bsz": 4, "tra_time": 0.010115497588645666, "infer_time": 0.002799527666065842, "tra_mem": 1272.0, "infer_mem": 1270.0, "model_FLOPs": "37.4866M", "model_nparam": "287.425K"}