{"bsz": 4, "tra_time": 0.012814151789061725, "infer_time": 0.003427559583913535, "tra_mem": 1270.0, "infer_mem": 1270.0, "model_FLOPs": "138.674M", "model_nparam": "336.833K"}