{"bsz": 4, "tra_time": 0.0149574687583372, "infer_time": 0.004259357152506709, "tra_mem": 1426.0, "infer_mem": 1326.0, "model_FLOPs": "3.78326G", "model_nparam": "386.241K"}