{"bsz": 4, "tra_time": 0.018944474404212087, "infer_time": 0.00546680276049301, "tra_mem": 1276.0, "infer_mem": 1274.0, "model_FLOPs": "460.718M", "model_nparam": "485.057K"}