{"bsz": 4, "tra_time": 0.010966724360827356, "infer_time": 0.0028573909858241675, "tra_mem": 1460.0, "infer_mem": 1322.0, "model_FLOPs": "1.35476G", "model_nparam": "287.425K"}