{"bsz": 16, "tra_time": 0.001370793892381092, "infer_time": 0.00039323730627074835, "tra_mem": 1426.0, "infer_mem": 1274.0, "model_FLOPs": "454.427M", "model_nparam": "485.057K"}