{"bsz": 4, "tra_time": 0.014466767478734256, "infer_time": 0.00397762793675065, "tra_mem": 1326.0, "infer_mem": 1288.0, "model_FLOPs": "1.6903G", "model_nparam": "386.241K"}