{"bsz": 4, "tra_time": 0.011053126372862607, "infer_time": 0.002848555776756257, "tra_mem": 1290.0, "infer_mem": 1268.0, "model_FLOPs": "187.695M", "model_nparam": "287.425K"}