{"bsz": 4, "tra_time": 0.010529831449966878, "infer_time": 0.002970849575474858, "tra_mem": 1274.0, "infer_mem": 1270.0, "model_FLOPs": "81.2646M", "model_nparam": "287.425K"}