{"bsz": 4, "tra_time": 0.019389072592835874, "infer_time": 0.0058514565993100405, "tra_mem": 1292.0, "infer_mem": 1270.0, "model_FLOPs": "946.602M", "model_nparam": "485.057K"}