{"bsz": 4, "tra_time": 0.009749699539039284, "infer_time": 0.0031058272449299693, "tra_mem": 1096.0, "infer_mem": 1074.0, "model_FLOPs": "187.695M", "model_nparam": "287.425K"}