{"bsz": 4, "tra_time": 0.014316018083132804, "infer_time": 0.0038727493965998293, "tra_mem": 1272.0, "infer_mem": 1272.0, "model_FLOPs": "384.827M", "model_nparam": "386.241K"}