{"bsz": 16, "tra_time": 0.0005589480966640015, "infer_time": 0.00031367834269379577, "tra_mem": 1046.0, "infer_mem": 1024.0, "model_FLOPs": "6.81574M", "model_nparam": "287.425K"}