{"bsz": 4, "tra_time": 0.012257270168047398, "infer_time": 0.0033909156448207797, "tra_mem": 1272.0, "infer_mem": 1270.0, "model_FLOPs": "283.64M", "model_nparam": "336.833K"}