{"bsz": 16, "tra_time": 0.002167875188247611, "infer_time": 0.0007596832296500604, "tra_mem": 1718.0, "infer_mem": 1442.0, "model_FLOPs": "3.98773G", "model_nparam": "485.057K"}