{"bsz": 4, "tra_time": 0.010848938712384551, "infer_time": 0.002812885656487197, "tra_mem": 1410.0, "infer_mem": 1324.0, "model_FLOPs": "1.35476G", "model_nparam": "287.425K"}