{"bsz": 4, "tra_time": 0.01526357245631516, "infer_time": 0.004311438883189112, "tra_mem": 1330.0, "infer_mem": 1286.0, "model_FLOPs": "1.6903G", "model_nparam": "386.241K"}