{"bsz": 4, "tra_time": 0.007861049104481935, "infer_time": 0.0019723387570120396, "tra_mem": 1024.0, "infer_mem": 1020.0, "model_FLOPs": "13.1072M", "model_nparam": "287.425K"}