{"bsz": 4, "tra_time": 0.00767487175995484, "infer_time": 0.002054510137066245, "tra_mem": 1004.0, "infer_mem": 1002.0, "model_FLOPs": "3.40787M", "model_nparam": "287.425K"}