{"bsz": 16, "tra_time": 0.0013901831661351026, "infer_time": 0.00035243334947153925, "tra_mem": 1424.0, "infer_mem": 1274.0, "model_FLOPs": "454.427M", "model_nparam": "485.057K"}