{"bsz": 4, "tra_time": 0.009891772618982941, "infer_time": 0.00274245157931, "tra_mem": 1308.0, "infer_mem": 1266.0, "model_FLOPs": "187.695M", "model_nparam": "287.425K"}