{"bsz": 4, "tra_time": 0.016999692789278924, "infer_time": 0.004946533869486302, "tra_mem": 1368.0, "infer_mem": 1288.0, "model_FLOPs": "1.89268G", "model_nparam": "435.649K"}