{"bsz": 16, "tra_time": 0.0010839046520801884, "infer_time": 0.00031054191756993535, "tra_mem": 1420.0, "infer_mem": 1272.0, "model_FLOPs": "378.536M", "model_nparam": "386.241K"}