{"bsz": 4, "tra_time": 0.012293429517187178, "infer_time": 0.0032381644914858043, "tra_mem": 1426.0, "infer_mem": 1324.0, "model_FLOPs": "2.97376G", "model_nparam": "336.833K"}