{"bsz": 4, "tra_time": 0.009160461547784507, "infer_time": 0.0028589116889052094, "tra_mem": 1080.0, "infer_mem": 1076.0, "model_FLOPs": "81.2646M", "model_nparam": "287.425K"}