{"bsz": 4, "tra_time": 0.011134678933303803, "infer_time": 0.0032047061584889887, "tra_mem": 1326.0, "infer_mem": 1288.0, "model_FLOPs": "476.054M", "model_nparam": "287.425K"}