{"bsz": 4, "tra_time": 0.010574021088890731, "infer_time": 0.0026532271541655065, "tra_mem": 1270.0, "infer_mem": 1268.0, "model_FLOPs": "37.4866M", "model_nparam": "287.425K"}