{"bsz": 4, "tra_time": 0.01455190473049879, "infer_time": 0.004098669150378555, "tra_mem": 1366.0, "infer_mem": 1286.0, "model_FLOPs": "1.6903G", "model_nparam": "386.241K"}