{"bsz": 16, "tra_time": 0.0010151074967967967, "infer_time": 0.0003805845626629889, "tra_mem": 1682.0, "infer_mem": 1406.0, "model_FLOPs": "2.57111G", "model_nparam": "336.833K"}