{"bsz": 4, "tra_time": 0.017767704085446895, "infer_time": 0.004809984668157995, "tra_mem": 1278.0, "infer_mem": 1274.0, "model_FLOPs": "435.421M", "model_nparam": "435.649K"}