{"bsz": 4, "tra_time": 0.010041123314760625, "infer_time": 0.0034198803310282527, "tra_mem": 1096.0, "infer_mem": 1072.0, "model_FLOPs": "187.695M", "model_nparam": "287.425K"}