{"bsz": 16, "tra_time": 0.0014891528493414321, "infer_time": 0.0005851428963554403, "tra_mem": 1476.0, "infer_mem": 1290.0, "model_FLOPs": "921.436M", "model_nparam": "485.057K"}