{"bsz": 4, "tra_time": 0.011737693361472339, "infer_time": 0.0031801778790540992, "tra_mem": 1288.0, "infer_mem": 1266.0, "model_FLOPs": "592.445M", "model_nparam": "336.833K"}