{"bsz": 4, "tra_time": 0.011136232207994909, "infer_time": 0.002916045787744224, "tra_mem": 1326.0, "infer_mem": 1288.0, "model_FLOPs": "476.054M", "model_nparam": "287.425K"}