{"bsz": 4, "tra_time": 0.009719566058833153, "infer_time": 0.0028180199740454556, "tra_mem": 1076.0, "infer_mem": 1076.0, "model_FLOPs": "37.4866M", "model_nparam": "287.425K"}