{"bsz": 4, "tra_time": 0.02004483198467642, "infer_time": 0.005719489966519177, "tra_mem": 1276.0, "infer_mem": 1274.0, "model_FLOPs": "460.718M", "model_nparam": "485.057K"}