{"bsz": 4, "tra_time": 0.011248520208057016, "infer_time": 0.0032997946864925325, "tra_mem": 1308.0, "infer_mem": 1266.0, "model_FLOPs": "592.445M", "model_nparam": "336.833K"}