{"bsz": 4, "tra_time": 0.01691826947312802, "infer_time": 0.00505526510020718, "tra_mem": 1274.0, "infer_mem": 1274.0, "model_FLOPs": "435.421M", "model_nparam": "435.649K"}