{"bsz": 4, "tra_time": 0.01103173551056534, "infer_time": 0.00275327240396291, "tra_mem": 1408.0, "infer_mem": 1322.0, "model_FLOPs": "1.35476G", "model_nparam": "287.425K"}