{"bsz": 4, "tra_time": 0.010618129870388657, "infer_time": 0.0026805626335553827, "tra_mem": 1268.0, "infer_mem": 1268.0, "model_FLOPs": "37.4866M", "model_nparam": "287.425K"}