{"bsz": 4, "tra_time": 0.017081022065598517, "infer_time": 0.004789994171820581, "tra_mem": 1438.0, "infer_mem": 1342.0, "model_FLOPs": "4.18801G", "model_nparam": "435.649K"}