{"bsz": 4, "tra_time": 0.015183640216477215, "infer_time": 0.0043233732101507485, "tra_mem": 1270.0, "infer_mem": 1270.0, "model_FLOPs": "189.268M", "model_nparam": "386.241K"}