{"bsz": 4, "tra_time": 0.010346098716370761, "infer_time": 0.003006457314360887, "tra_mem": 1132.0, "infer_mem": 1094.0, "model_FLOPs": "476.054M", "model_nparam": "287.425K"}