{"bsz": 4, "tra_time": 0.010354416987858713, "infer_time": 0.003091669791843742, "tra_mem": 1136.0, "infer_mem": 1094.0, "model_FLOPs": "476.054M", "model_nparam": "287.425K"}