{"bsz": 4, "tra_time": 0.016098452299367638, "infer_time": 0.004766284220386297, "tra_mem": 1368.0, "infer_mem": 1288.0, "model_FLOPs": "1.89268G", "model_nparam": "435.649K"}