{"bsz": 4, "tra_time": 0.008845918131060898, "infer_time": 0.002061185784637928, "tra_mem": 1176.0, "infer_mem": 1074.0, "model_FLOPs": "809.501M", "model_nparam": "287.425K"}