{"bsz": 16, "tra_time": 0.000601688981987536, "infer_time": 0.0002263904083520174, "tra_mem": 1080.0, "infer_mem": 1044.0, "model_FLOPs": "26.2144M", "model_nparam": "287.425K"}