{"bsz": 4, "tra_time": 0.00946785357175395, "infer_time": 0.0029083814141340554, "tra_mem": 1116.0, "infer_mem": 1072.0, "model_FLOPs": "187.695M", "model_nparam": "287.425K"}