{"bsz": 4, "tra_time": 0.010654512288048864, "infer_time": 0.003078253142070025, "tra_mem": 1270.0, "infer_mem": 1268.0, "model_FLOPs": "37.4866M", "model_nparam": "287.425K"}