{"bsz": 4, "tra_time": 0.014813062225468457, "infer_time": 0.004291378865018487, "tra_mem": 1274.0, "infer_mem": 1272.0, "model_FLOPs": "384.827M", "model_nparam": "386.241K"}