{"bsz": 4, "tra_time": 0.017640674898866563, "infer_time": 0.005309164185076952, "tra_mem": 1328.0, "infer_mem": 1290.0, "model_FLOPs": "1.89268G", "model_nparam": "435.649K"}