train_rl2,test_rl2
0.9237192153930665,0.9026439666748047
0.8915035367012024,0.9026439666748047
