{"bsz": 16, "tra_time": 0.0018421863742793599, "infer_time": 0.0005280527596672376, "tra_mem": 3048.0, "infer_mem": 2084.0, "model_FLOPs": "23.329M", "model_nparam": "1.18835M"}