{"bsz": 16, "tra_time": 0.0009198020721475283, "infer_time": 0.0003017866502826413, "tra_mem": 1456.0, "infer_mem": 1206.0, "model_FLOPs": "3.7859M", "model_nparam": "1.18835M"}