{"bsz": 16, "tra_time": 0.0017498491751030089, "infer_time": 0.0007257641370718677, "tra_mem": 3380.0, "infer_mem": 2504.0, "model_FLOPs": "775.556M", "model_nparam": "1.18835M"}