{"bsz": 16, "tra_time": 0.001878755058006694, "infer_time": 0.000760933297375838, "tra_mem": 3396.0, "infer_mem": 2472.0, "model_FLOPs": "775.556M", "model_nparam": "1.18835M"}