{"bsz": 16, "tra_time": 0.0016644426003719368, "infer_time": 0.0005308031632254521, "tra_mem": 2088.0, "infer_mem": 1850.0, "model_FLOPs": "346.327M", "model_nparam": "1.18835M"}