{"bsz": 16, "tra_time": 0.002539904004583756, "infer_time": 0.0009436682456483445, "tra_mem": 3128.0, "infer_mem": 2558.0, "model_FLOPs": "775.556M", "model_nparam": "1.18835M"}