train_rl2,test_rl2
0.923692262172699,0.9025922775268554
0.8914556503295898,0.9025922775268554
