{"bsz": 16, "tra_time": 0.0028597277506875497, "infer_time": 0.0008222890179604292, "tra_mem": 1902.0, "infer_mem": 1356.0, "model_FLOPs": "1.09524G", "model_nparam": "477.377K"}