{"bsz": 16, "tra_time": 0.0024249022790851695, "infer_time": 0.0006481295606742304, "tra_mem": 1728.0, "infer_mem": 1314.0, "model_FLOPs": "1.4701G", "model_nparam": "378.561K"}