{"bsz": 16, "tra_time": 0.00550020238927876, "infer_time": 0.001915936078876257, "tra_mem": 2804.0, "infer_mem": 1592.0, "model_FLOPs": "12.8723G", "model_nparam": "477.377K"}