{"bsz": 16, "tra_time": 0.00762723116747414, "infer_time": 0.002474698355266203, "tra_mem": 3498.0, "infer_mem": 1672.0, "model_FLOPs": "7.30123G", "model_nparam": "526.785K"}