{"bsz": 16, "tra_time": 0.0024811742200205726, "infer_time": 0.0007135924588268002, "tra_mem": 1510.0, "infer_mem": 1278.0, "model_FLOPs": "642.253M", "model_nparam": "378.561K"}