{"bsz": 16, "tra_time": 0.002630483805046727, "infer_time": 0.0006259881836983065, "tra_mem": 1512.0, "infer_mem": 1278.0, "model_FLOPs": "844.628M", "model_nparam": "427.969K"}