{"bsz": 16, "tra_time": 0.0024265125449746843, "infer_time": 0.0007024022766078512, "tra_mem": 1928.0, "infer_mem": 1336.0, "model_FLOPs": "1.50785G", "model_nparam": "378.561K"}