{"bsz": 16, "tra_time": 0.002943377537031968, "infer_time": 0.0006931296433322133, "tra_mem": 1666.0, "infer_mem": 1302.0, "model_FLOPs": "516.293M", "model_nparam": "526.785K"}