{"bsz": 16, "tra_time": 0.002237345525839676, "infer_time": 0.0006169221348439653, "tra_mem": 1386.0, "infer_mem": 1064.0, "model_FLOPs": "396.362M", "model_nparam": "329.153K"}