{"bsz": 16, "tra_time": 0.0025953350295312705, "infer_time": 0.000628347642098864, "tra_mem": 1728.0, "infer_mem": 1330.0, "model_FLOPs": "1.87485G", "model_nparam": "427.969K"}