{"bsz": 16, "tra_time": 0.006817329039797187, "infer_time": 0.0021979820107420286, "tra_mem": 3496.0, "infer_mem": 1670.0, "model_FLOPs": "6.69411G", "model_nparam": "427.969K"}