{"bsz": 16, "tra_time": 0.0024814193486236034, "infer_time": 0.0007066924373308817, "tra_mem": 1588.0, "infer_mem": 1276.0, "model_FLOPs": "653.263M", "model_nparam": "378.561K"}