{"bsz": 16, "tra_time": 0.002868585790041834, "infer_time": 0.0007348860870115458, "tra_mem": 1472.0, "infer_mem": 1260.0, "model_FLOPs": "399.114M", "model_nparam": "427.969K"}