{"bsz": 16, "tra_time": 0.0029827262214384975, "infer_time": 0.0008368349323670069, "tra_mem": 1530.0, "infer_mem": 1262.0, "model_FLOPs": "453.247M", "model_nparam": "477.377K"}