{"bsz": 16, "tra_time": 0.0023538369659023978, "infer_time": 0.0008391666249372064, "tra_mem": 1900.0, "infer_mem": 1350.0, "model_FLOPs": "386.925M", "model_nparam": "329.153K"}