{"bsz": 16, "tra_time": 0.0026460030100618794, "infer_time": 0.000886910215485841, "tra_mem": 1470.0, "infer_mem": 1258.0, "model_FLOPs": "297.927M", "model_nparam": "378.561K"}