{"bsz": 16, "tra_time": 0.0021006104522384703, "infer_time": 0.000594477253810813, "tra_mem": 1526.0, "infer_mem": 1094.0, "model_FLOPs": "250.61M", "model_nparam": "329.153K"}