{"bsz": 16, "tra_time": 0.0031087595683832966, "infer_time": 0.0007486866950057446, "tra_mem": 1480.0, "infer_mem": 1262.0, "model_FLOPs": "450.626M", "model_nparam": "477.377K"}