{"bsz": 16, "tra_time": 0.0023973400574177507, "infer_time": 0.0006168183280775945, "tra_mem": 1168.0, "infer_mem": 1030.0, "model_FLOPs": "39.3216M", "model_nparam": "329.153K"}