{"bsz": 16, "tra_time": 0.0020679928300281363, "infer_time": 0.0006406353367492556, "tra_mem": 1230.0, "infer_mem": 1030.0, "model_FLOPs": "112.198M", "model_nparam": "329.153K"}