{"bsz": 16, "tra_time": 0.002840226026562353, "infer_time": 0.0008160775185873111, "tra_mem": 1566.0, "infer_mem": 1280.0, "model_FLOPs": "411.042M", "model_nparam": "427.969K"}