{"bsz": 16, "tra_time": 0.0025018889500449102, "infer_time": 0.0006773204511652391, "tra_mem": 1900.0, "infer_mem": 1356.0, "model_FLOPs": "994.05M", "model_nparam": "427.969K"}