{"bsz": 16, "tra_time": 0.0030322871911339457, "infer_time": 0.0009705813050580522, "tra_mem": 1730.0, "infer_mem": 1316.0, "model_FLOPs": "2.17842G", "model_nparam": "526.785K"}