train_rl2,test_rl2
0.9223112225532532,0.9011940598487854
0.8894613862037659,0.9011940598487854
