train_rl2,test_rl2
0.9237026572227478,0.9026074051856995
0.8914708852767944,0.9026074051856995
