train_rl2,test_rl2
0.9172493815422058,0.8964606642723083
0.8877061128616333,0.8964606642723083
