train_rl2,test_rl2
0.9224605917930603,0.9014999032020569
0.8897438049316406,0.9014999032020569
