{"bsz": 16, "tra_time": 0.0020786924658653637, "infer_time": 0.0005664214313340684, "tra_mem": 1630.0, "infer_mem": 1288.0, "model_FLOPs": "511.967M", "model_nparam": "1.03264M"}