{"bsz": 16, "tra_time": 0.0021275231428444386, "infer_time": 0.0007060634135268628, "tra_mem": 1484.0, "infer_mem": 1270.0, "model_FLOPs": "438.043M", "model_nparam": "1.03264M"}