{"bsz": 16, "tra_time": 0.002527814515866339, "infer_time": 0.0007995459297671913, "tra_mem": 1816.0, "infer_mem": 1442.0, "model_FLOPs": "3.81787G", "model_nparam": "1.03264M"}