{"bsz": 16, "tra_time": 0.0025965039695923526, "infer_time": 0.0009103958921817442, "tra_mem": 1922.0, "infer_mem": 1348.0, "model_FLOPs": "2.09401G", "model_nparam": "1.03264M"}