{"bsz": 16, "tra_time": 0.0017280639712698757, "infer_time": 0.0004256597665759424, "tra_mem": 1480.0, "infer_mem": 1268.0, "model_FLOPs": "83.8861M", "model_nparam": "884.417K"}