{"bsz": 16, "tra_time": 0.0018157056669394177, "infer_time": 0.00048080837819725275, "tra_mem": 1612.0, "infer_mem": 1340.0, "model_FLOPs": "1.19695G", "model_nparam": "933.825K"}