{"bsz": 16, "tra_time": 0.0018519895553278426, "infer_time": 0.0005752119763443867, "tra_mem": 1642.0, "infer_mem": 1336.0, "model_FLOPs": "1.2132G", "model_nparam": "933.825K"}