{"bsz": 16, "tra_time": 0.0019692606629493335, "infer_time": 0.0005898586831366023, "tra_mem": 1644.0, "infer_mem": 1340.0, "model_FLOPs": "1.61795G", "model_nparam": "983.233K"}