{"bsz": 16, "tra_time": 0.0022792462903695803, "infer_time": 0.0006176832504570484, "tra_mem": 1644.0, "infer_mem": 1340.0, "model_FLOPs": "1.82033G", "model_nparam": "1.03264M"}