{"bsz": 16, "tra_time": 0.002389124392687033, "infer_time": 0.0009669977612793446, "tra_mem": 2092.0, "infer_mem": 1160.0, "model_FLOPs": "1.5477G", "model_nparam": "884.417K"}