{"bsz": 16, "tra_time": 0.002132536513420443, "infer_time": 0.0005442682583816349, "tra_mem": 1534.0, "infer_mem": 1288.0, "model_FLOPs": "454.296M", "model_nparam": "1.03264M"}