{"bsz": 16, "tra_time": 0.0022931046006269755, "infer_time": 0.0005461654843141635, "tra_mem": 1612.0, "infer_mem": 1340.0, "model_FLOPs": "1.80408G", "model_nparam": "1.03264M"}