{"bsz": 16, "tra_time": 0.001785206628187249, "infer_time": 0.0004489800644417604, "tra_mem": 1628.0, "infer_mem": 1286.0, "model_FLOPs": "461.373M", "model_nparam": "983.233K"}