{"bsz": 16, "tra_time": 0.0015992426169104876, "infer_time": 0.0005400924004303913, "tra_mem": 1638.0, "infer_mem": 1302.0, "model_FLOPs": "246.415M", "model_nparam": "884.417K"}