{"bsz": 2, "tra_time": 0.017775422055429466, "infer_time": 0.004467852250672877, "tra_mem": 1566.0, "infer_mem": 1172.0, "model_FLOPs": "699.879M", "model_nparam": "329.217K"}