{"bsz": 2, "tra_time": 0.01983012267931675, "infer_time": 0.005562929760975143, "tra_mem": 2188.0, "infer_mem": 1466.0, "model_FLOPs": "14.7222G", "model_nparam": "476.929K"}