{"bsz": 2, "tra_time": 0.01980023591173813, "infer_time": 0.004833369598103067, "tra_mem": 2036.0, "infer_mem": 1356.0, "model_FLOPs": "8.07904G", "model_nparam": "624.641K"}