{"bsz": 2, "tra_time": 0.023174771677081787, "infer_time": 0.00536124305644383, "tra_mem": 2038.0, "infer_mem": 1360.0, "model_FLOPs": "8.46191G", "model_nparam": "772.353K"}