{"bsz": 2, "tra_time": 0.0850259113976111, "infer_time": 0.029362087001403175, "tra_mem": 9716.0, "infer_mem": 2938.0, "model_FLOPs": "3.3816G", "model_nparam": "624.641K"}