{"bsz": 2, "tra_time": 0.2256720488113351, "infer_time": 0.078189853822502, "tra_mem": 23728.0, "infer_mem": 9270.0, "model_FLOPs": "7.27637G", "model_nparam": "329.217K"}