{"bsz": 2, "tra_time": 0.032343660595671585, "infer_time": 0.009711503530852497, "tra_mem": 3332.0, "infer_mem": 1642.0, "model_FLOPs": "18.1091G", "model_nparam": "624.641K"}