train_rl2,test_rl2
0.9223151683807373,0.9011466383934021
0.8894549250602722,0.9011466383934021
