train_rl2,test_rl2
0.9172454714775086,0.8965620875358582
0.887730073928833,0.8965620875358582
