train_rl2,test_rl2
0.9171465635299683,0.8960847496986389
0.8874620199203491,0.8960847496986389
