train_rl2,test_rl2
0.9222789883613587,0.90105299949646
0.8893682718276977,0.90105299949646
