train_rl2,test_rl2
0.9225029826164246,0.9016764760017395
0.889869487285614,0.9016764760017395
