train_l2,test_l2
0.4222486032247543,0.36173072576522824
0.339618283867836,0.38815823316574094
0.311240371465683,0.27280699491500854
0.25110704308748244,0.2552434033155441
0.2227127594947815,0.21453059256076812
0.20705242133140564,0.1754935646057129
0.18354279202222823,0.21161343216896056
0.17976751899719237,0.14965414345264436
0.1718123840689659,0.1496913844347
0.158661708176136,0.1851460427045822
