train_rl2,test_rl2
0.92373286485672,0.9026880621910095
0.8915390133857727,0.9026880621910095
