train_rl2,test_rl2
0.9237362384796143,0.9027006030082703
0.8915483117103576,0.9027006030082703
