train_rl2,test_rl2
0.9236957192420959,0.9025994658470153
0.8914642572402954,0.9025994658470153
