train_rl2,test_rl2
0.9181397438049317,0.8983073234558105
0.8895217657089234,0.8983073234558105
